{
  "timestamp": "2025-08-26T18:06:32.780028",
  "file_path": "/Users/charles/Kronos/data/BTC_USDT_USDT-5m-futures.feather",
  "prediction_type": "Kronos模型预测 (选择的窗口内：前400个数据点预测，后120个数据点对比，时间跨度: 1 days 19:15:00)",
  "prediction_params": {
    "lookback": 400,
    "pred_len": 120,
    "temperature": 0.5,
    "top_p": 0.9,
    "sample_count": 1,
    "start_date": "2025-08-13T01:15"
  },
  "input_data_summary": {
    "rows": 400,
    "columns": [
      "open",
      "high",
      "low",
      "close",
      "volume"
    ],
    "price_range": {
      "open": {
        "min": 118955.99,
        "max": 124243.31
      },
      "high": {
        "min": 119070.69,
        "max": 124474.0
      },
      "low": {
        "min": 118920.92,
        "max": 124124.99
      },
      "close": {
        "min": 118955.99,
        "max": 124243.32
      }
    },
    "last_values": {
      "open": 123316.55,
      "high": 123468.0,
      "low": 123295.21,
      "close": 123397.2
    }
  },
  "prediction_results": [
    {
      "timestamp": "2025-08-14T10:35:00",
      "open": 120842.2109375,
      "high": 120940.984375,
      "low": 120760.7578125,
      "close": 120848.8828125,
      "volume": 73.80001068115234,
      "amount": 6086448.0
    },
    {
      "timestamp": "2025-08-14T10:40:00",
      "open": 120842.2109375,
      "high": 120940.984375,
      "low": 120760.7578125,
      "close": 120848.8828125,
      "volume": 73.80001068115234,
      "amount": 6086448.0
    },
    {
      "timestamp": "2025-08-14T10:45:00",
      "open": 120842.2109375,
      "high": 120940.984375,
      "low": 120760.7578125,
      "close": 120848.8828125,
      "volume": 73.80001068115234,
      "amount": 6086447.5
    },
    {
      "timestamp": "2025-08-14T10:50:00",
      "open": 120842.2109375,
      "high": 120940.984375,
      "low": 120760.7578125,
      "close": 120848.8828125,
      "volume": 73.80001068115234,
      "amount": 6086447.5
    },
    {
      "timestamp": "2025-08-14T10:55:00",
      "open": 120842.2109375,
      "high": 120940.984375,
      "low": 120760.7578125,
      "close": 120848.8828125,
      "volume": 73.80001831054688,
      "amount": 6086448.0
    },
    {
      "timestamp": "2025-08-14T11:00:00",
      "open": 120842.2109375,
      "high": 120940.984375,
      "low": 120760.7578125,
      "close": 120848.8828125,
      "volume": 73.80001068115234,
      "amount": 6086447.5
    },
    {
      "timestamp": "2025-08-14T11:05:00",
      "open": 120842.2109375,
      "high": 120940.984375,
      "low": 120760.7578125,
      "close": 120848.8828125,
      "volume": 73.80001068115234,
      "amount": 6086448.0
    },
    {
      "timestamp": "2025-08-14T11:10:00",
      "open": 120842.2109375,
      "high": 120940.984375,
      "low": 120760.7578125,
      "close": 120848.8828125,
      "volume": 73.80001068115234,
      "amount": 6086448.0
    },
    {
      "timestamp": "2025-08-14T11:15:00",
      "open": 120842.2109375,
      "high": 120940.984375,
      "low": 120760.7578125,
      "close": 120848.8828125,
      "volume": 73.80001068115234,
      "amount": 6086448.0
    },
    {
      "timestamp": "2025-08-14T11:20:00",
      "open": 120842.2109375,
      "high": 120940.984375,
      "low": 120760.7578125,
      "close": 120848.8828125,
      "volume": 73.80001068115234,
      "amount": 6086448.0
    },
    {
      "timestamp": "2025-08-14T11:25:00",
      "open": 120842.2109375,
      "high": 120940.984375,
      "low": 120760.7578125,
      "close": 120848.8828125,
      "volume": 73.80001068115234,
      "amount": 6086447.5
    },
    {
      "timestamp": "2025-08-14T11:30:00",
      "open": 120842.2109375,
      "high": 120940.984375,
      "low": 120760.7578125,
      "close": 120848.8828125,
      "volume": 73.80001068115234,
      "amount": 6086447.5
    },
    {
      "timestamp": "2025-08-14T11:35:00",
      "open": 120842.2109375,
      "high": 120940.984375,
      "low": 120760.7578125,
      "close": 120848.8828125,
      "volume": 73.80001068115234,
      "amount": 6086448.0
    },
    {
      "timestamp": "2025-08-14T11:40:00",
      "open": 120842.2109375,
      "high": 120940.984375,
      "low": 120760.7578125,
      "close": 120848.8828125,
      "volume": 73.80001068115234,
      "amount": 6086447.5
    },
    {
      "timestamp": "2025-08-14T11:45:00",
      "open": 120842.2109375,
      "high": 120940.984375,
      "low": 120760.7578125,
      "close": 120848.8828125,
      "volume": 73.80001068115234,
      "amount": 6086448.0
    },
    {
      "timestamp": "2025-08-14T11:50:00",
      "open": 120842.2109375,
      "high": 120940.984375,
      "low": 120760.7578125,
      "close": 120848.8828125,
      "volume": 73.80001068115234,
      "amount": 6086448.0
    },
    {
      "timestamp": "2025-08-14T11:55:00",
      "open": 120842.2109375,
      "high": 120940.984375,
      "low": 120760.7578125,
      "close": 120848.8828125,
      "volume": 73.80001831054688,
      "amount": 6086448.0
    },
    {
      "timestamp": "2025-08-14T12:00:00",
      "open": 120842.2109375,
      "high": 120940.984375,
      "low": 120760.7578125,
      "close": 120848.8828125,
      "volume": 73.80001068115234,
      "amount": 6086447.5
    },
    {
      "timestamp": "2025-08-14T12:05:00",
      "open": 120842.2109375,
      "high": 120940.984375,
      "low": 120760.7578125,
      "close": 120848.8828125,
      "volume": 73.80001068115234,
      "amount": 6086447.5
    },
    {
      "timestamp": "2025-08-14T12:10:00",
      "open": 120842.2109375,
      "high": 120940.984375,
      "low": 120760.7578125,
      "close": 120848.8828125,
      "volume": 73.80001068115234,
      "amount": 6086447.5
    },
    {
      "timestamp": "2025-08-14T12:15:00",
      "open": 120842.2109375,
      "high": 120940.984375,
      "low": 120760.7578125,
      "close": 120848.8828125,
      "volume": 73.80001068115234,
      "amount": 6086448.0
    },
    {
      "timestamp": "2025-08-14T12:20:00",
      "open": 120842.2109375,
      "high": 120940.984375,
      "low": 120760.7578125,
      "close": 120848.8828125,
      "volume": 73.80001068115234,
      "amount": 6086448.0
    },
    {
      "timestamp": "2025-08-14T12:25:00",
      "open": 120842.2109375,
      "high": 120940.984375,
      "low": 120760.7578125,
      "close": 120848.8828125,
      "volume": 73.80001068115234,
      "amount": 6086447.5
    },
    {
      "timestamp": "2025-08-14T12:30:00",
      "open": 120842.2109375,
      "high": 120940.984375,
      "low": 120760.7578125,
      "close": 120848.8828125,
      "volume": 73.80001068115234,
      "amount": 6086447.5
    },
    {
      "timestamp": "2025-08-14T12:35:00",
      "open": 120842.2109375,
      "high": 120940.984375,
      "low": 120760.7578125,
      "close": 120848.8828125,
      "volume": 73.80001068115234,
      "amount": 6086448.0
    },
    {
      "timestamp": "2025-08-14T12:40:00",
      "open": 120842.2109375,
      "high": 120940.984375,
      "low": 120760.7578125,
      "close": 120848.8828125,
      "volume": 73.80001068115234,
      "amount": 6086448.0
    },
    {
      "timestamp": "2025-08-14T12:45:00",
      "open": 120842.2109375,
      "high": 120940.984375,
      "low": 120760.7578125,
      "close": 120848.8828125,
      "volume": 73.80001068115234,
      "amount": 6086447.5
    },
    {
      "timestamp": "2025-08-14T12:50:00",
      "open": 120842.2109375,
      "high": 120940.984375,
      "low": 120760.7578125,
      "close": 120848.8828125,
      "volume": 73.80001068115234,
      "amount": 6086448.0
    },
    {
      "timestamp": "2025-08-14T12:55:00",
      "open": 120842.2109375,
      "high": 120940.984375,
      "low": 120760.7578125,
      "close": 120848.8828125,
      "volume": 73.80001068115234,
      "amount": 6086447.5
    },
    {
      "timestamp": "2025-08-14T13:00:00",
      "open": 120842.2109375,
      "high": 120940.984375,
      "low": 120760.7578125,
      "close": 120848.8828125,
      "volume": 73.80001068115234,
      "amount": 6086448.0
    },
    {
      "timestamp": "2025-08-14T13:05:00",
      "open": 120842.2109375,
      "high": 120940.984375,
      "low": 120760.7578125,
      "close": 120848.8828125,
      "volume": 73.80001068115234,
      "amount": 6086448.0
    },
    {
      "timestamp": "2025-08-14T13:10:00",
      "open": 120842.2109375,
      "high": 120940.984375,
      "low": 120760.7578125,
      "close": 120848.8828125,
      "volume": 73.80001068115234,
      "amount": 6086448.0
    },
    {
      "timestamp": "2025-08-14T13:15:00",
      "open": 120842.2109375,
      "high": 120940.984375,
      "low": 120760.7578125,
      "close": 120848.8828125,
      "volume": 73.80001068115234,
      "amount": 6086447.5
    },
    {
      "timestamp": "2025-08-14T13:20:00",
      "open": 120842.2109375,
      "high": 120940.984375,
      "low": 120760.7578125,
      "close": 120848.8828125,
      "volume": 73.80001068115234,
      "amount": 6086447.5
    },
    {
      "timestamp": "2025-08-14T13:25:00",
      "open": 120842.2109375,
      "high": 120940.984375,
      "low": 120760.7578125,
      "close": 120848.8828125,
      "volume": 73.80001068115234,
      "amount": 6086448.0
    },
    {
      "timestamp": "2025-08-14T13:30:00",
      "open": 120842.2109375,
      "high": 120940.984375,
      "low": 120760.7578125,
      "close": 120848.8828125,
      "volume": 73.80001068115234,
      "amount": 6086447.5
    },
    {
      "timestamp": "2025-08-14T13:35:00",
      "open": 120842.2109375,
      "high": 120940.984375,
      "low": 120760.7578125,
      "close": 120848.8828125,
      "volume": 73.80001068115234,
      "amount": 6086448.0
    },
    {
      "timestamp": "2025-08-14T13:40:00",
      "open": 120842.2109375,
      "high": 120940.984375,
      "low": 120760.7578125,
      "close": 120848.8828125,
      "volume": 73.80001068115234,
      "amount": 6086447.5
    },
    {
      "timestamp": "2025-08-14T13:45:00",
      "open": 120842.2109375,
      "high": 120940.984375,
      "low": 120760.7578125,
      "close": 120848.8828125,
      "volume": 73.80001068115234,
      "amount": 6086447.5
    },
    {
      "timestamp": "2025-08-14T13:50:00",
      "open": 120842.2109375,
      "high": 120940.984375,
      "low": 120760.7578125,
      "close": 120848.8828125,
      "volume": 73.80001068115234,
      "amount": 6086448.0
    },
    {
      "timestamp": "2025-08-14T13:55:00",
      "open": 120842.2109375,
      "high": 120940.984375,
      "low": 120760.7578125,
      "close": 120848.8828125,
      "volume": 73.80000305175781,
      "amount": 6086447.5
    },
    {
      "timestamp": "2025-08-14T14:00:00",
      "open": 120842.2109375,
      "high": 120940.984375,
      "low": 120760.7578125,
      "close": 120848.8828125,
      "volume": 73.80001068115234,
      "amount": 6086447.5
    },
    {
      "timestamp": "2025-08-14T14:05:00",
      "open": 120842.2109375,
      "high": 120940.984375,
      "low": 120760.7578125,
      "close": 120848.8828125,
      "volume": 73.80001068115234,
      "amount": 6086448.0
    },
    {
      "timestamp": "2025-08-14T14:10:00",
      "open": 120842.2109375,
      "high": 120940.984375,
      "low": 120760.7578125,
      "close": 120848.8828125,
      "volume": 73.80001068115234,
      "amount": 6086448.0
    },
    {
      "timestamp": "2025-08-14T14:15:00",
      "open": 120842.2109375,
      "high": 120940.984375,
      "low": 120760.7578125,
      "close": 120848.8828125,
      "volume": 73.80001068115234,
      "amount": 6086448.0
    },
    {
      "timestamp": "2025-08-14T14:20:00",
      "open": 120842.2109375,
      "high": 120940.984375,
      "low": 120760.7578125,
      "close": 120848.8828125,
      "volume": 73.80001068115234,
      "amount": 6086447.5
    },
    {
      "timestamp": "2025-08-14T14:25:00",
      "open": 120842.2109375,
      "high": 120940.984375,
      "low": 120760.7578125,
      "close": 120848.8828125,
      "volume": 73.80001068115234,
      "amount": 6086447.5
    },
    {
      "timestamp": "2025-08-14T14:30:00",
      "open": 120842.2109375,
      "high": 120940.984375,
      "low": 120760.7578125,
      "close": 120848.8828125,
      "volume": 73.80001068115234,
      "amount": 6086447.5
    },
    {
      "timestamp": "2025-08-14T14:35:00",
      "open": 120842.2109375,
      "high": 120940.984375,
      "low": 120760.7578125,
      "close": 120848.8828125,
      "volume": 73.80000305175781,
      "amount": 6086447.5
    },
    {
      "timestamp": "2025-08-14T14:40:00",
      "open": 120842.2109375,
      "high": 120940.984375,
      "low": 120760.7578125,
      "close": 120848.8828125,
      "volume": 73.80001068115234,
      "amount": 6086447.5
    },
    {
      "timestamp": "2025-08-14T14:45:00",
      "open": 120842.2109375,
      "high": 120940.984375,
      "low": 120760.7578125,
      "close": 120848.8828125,
      "volume": 73.80001068115234,
      "amount": 6086447.5
    },
    {
      "timestamp": "2025-08-14T14:50:00",
      "open": 120842.2109375,
      "high": 120940.984375,
      "low": 120760.7578125,
      "close": 120848.8828125,
      "volume": 73.80001068115234,
      "amount": 6086448.0
    },
    {
      "timestamp": "2025-08-14T14:55:00",
      "open": 120842.2109375,
      "high": 120940.984375,
      "low": 120760.7578125,
      "close": 120848.8828125,
      "volume": 73.80001068115234,
      "amount": 6086448.0
    },
    {
      "timestamp": "2025-08-14T15:00:00",
      "open": 120842.2109375,
      "high": 120940.984375,
      "low": 120760.7578125,
      "close": 120848.8828125,
      "volume": 73.80001068115234,
      "amount": 6086448.0
    },
    {
      "timestamp": "2025-08-14T15:05:00",
      "open": 120842.2109375,
      "high": 120940.984375,
      "low": 120760.7578125,
      "close": 120848.8828125,
      "volume": 73.80001068115234,
      "amount": 6086448.0
    },
    {
      "timestamp": "2025-08-14T15:10:00",
      "open": 120842.2109375,
      "high": 120940.984375,
      "low": 120760.7578125,
      "close": 120848.8828125,
      "volume": 73.80001068115234,
      "amount": 6086447.5
    },
    {
      "timestamp": "2025-08-14T15:15:00",
      "open": 120842.2109375,
      "high": 120940.984375,
      "low": 120760.7578125,
      "close": 120848.8828125,
      "volume": 73.80001068115234,
      "amount": 6086448.0
    },
    {
      "timestamp": "2025-08-14T15:20:00",
      "open": 120842.2109375,
      "high": 120940.984375,
      "low": 120760.7578125,
      "close": 120848.8828125,
      "volume": 73.80001068115234,
      "amount": 6086448.0
    },
    {
      "timestamp": "2025-08-14T15:25:00",
      "open": 120842.2109375,
      "high": 120940.984375,
      "low": 120760.7578125,
      "close": 120848.8828125,
      "volume": 73.80001068115234,
      "amount": 6086447.5
    },
    {
      "timestamp": "2025-08-14T15:30:00",
      "open": 120842.2109375,
      "high": 120940.984375,
      "low": 120760.7578125,
      "close": 120848.8828125,
      "volume": 73.80001831054688,
      "amount": 6086448.0
    },
    {
      "timestamp": "2025-08-14T15:35:00",
      "open": 120842.2109375,
      "high": 120940.984375,
      "low": 120760.7578125,
      "close": 120848.8828125,
      "volume": 73.80001068115234,
      "amount": 6086448.0
    },
    {
      "timestamp": "2025-08-14T15:40:00",
      "open": 120842.2109375,
      "high": 120940.984375,
      "low": 120760.7578125,
      "close": 120848.8828125,
      "volume": 73.80001068115234,
      "amount": 6086448.0
    },
    {
      "timestamp": "2025-08-14T15:45:00",
      "open": 120842.2109375,
      "high": 120940.984375,
      "low": 120760.7578125,
      "close": 120848.8828125,
      "volume": 73.80001068115234,
      "amount": 6086448.0
    },
    {
      "timestamp": "2025-08-14T15:50:00",
      "open": 120842.2109375,
      "high": 120940.984375,
      "low": 120760.7578125,
      "close": 120848.8828125,
      "volume": 73.80001068115234,
      "amount": 6086447.5
    },
    {
      "timestamp": "2025-08-14T15:55:00",
      "open": 120842.2109375,
      "high": 120940.984375,
      "low": 120760.7578125,
      "close": 120848.8828125,
      "volume": 73.80001068115234,
      "amount": 6086448.0
    },
    {
      "timestamp": "2025-08-14T16:00:00",
      "open": 120842.2109375,
      "high": 120940.984375,
      "low": 120760.7578125,
      "close": 120848.8828125,
      "volume": 73.80001068115234,
      "amount": 6086448.0
    },
    {
      "timestamp": "2025-08-14T16:05:00",
      "open": 120842.2109375,
      "high": 120940.984375,
      "low": 120760.7578125,
      "close": 120848.8828125,
      "volume": 73.80001068115234,
      "amount": 6086447.5
    },
    {
      "timestamp": "2025-08-14T16:10:00",
      "open": 120842.2109375,
      "high": 120940.984375,
      "low": 120760.7578125,
      "close": 120848.8828125,
      "volume": 73.80001068115234,
      "amount": 6086448.0
    },
    {
      "timestamp": "2025-08-14T16:15:00",
      "open": 120842.2109375,
      "high": 120940.984375,
      "low": 120760.7578125,
      "close": 120848.8828125,
      "volume": 73.80001068115234,
      "amount": 6086447.5
    },
    {
      "timestamp": "2025-08-14T16:20:00",
      "open": 120842.2109375,
      "high": 120940.984375,
      "low": 120760.7578125,
      "close": 120848.8828125,
      "volume": 73.80001068115234,
      "amount": 6086448.0
    },
    {
      "timestamp": "2025-08-14T16:25:00",
      "open": 120842.2109375,
      "high": 120940.984375,
      "low": 120760.7578125,
      "close": 120848.8828125,
      "volume": 73.80001068115234,
      "amount": 6086448.0
    },
    {
      "timestamp": "2025-08-14T16:30:00",
      "open": 120842.2109375,
      "high": 120940.984375,
      "low": 120760.7578125,
      "close": 120848.8828125,
      "volume": 73.80001068115234,
      "amount": 6086447.5
    },
    {
      "timestamp": "2025-08-14T16:35:00",
      "open": 120842.2109375,
      "high": 120940.984375,
      "low": 120760.7578125,
      "close": 120848.8828125,
      "volume": 73.80001068115234,
      "amount": 6086447.5
    },
    {
      "timestamp": "2025-08-14T16:40:00",
      "open": 120842.2109375,
      "high": 120940.984375,
      "low": 120760.7578125,
      "close": 120848.8828125,
      "volume": 73.80001068115234,
      "amount": 6086447.5
    },
    {
      "timestamp": "2025-08-14T16:45:00",
      "open": 120842.2109375,
      "high": 120940.984375,
      "low": 120760.7578125,
      "close": 120848.8828125,
      "volume": 73.80001068115234,
      "amount": 6086448.0
    },
    {
      "timestamp": "2025-08-14T16:50:00",
      "open": 120842.2109375,
      "high": 120940.984375,
      "low": 120760.7578125,
      "close": 120848.8828125,
      "volume": 73.80001068115234,
      "amount": 6086447.5
    },
    {
      "timestamp": "2025-08-14T16:55:00",
      "open": 120842.2109375,
      "high": 120940.984375,
      "low": 120760.7578125,
      "close": 120848.8828125,
      "volume": 73.80001068115234,
      "amount": 6086447.5
    },
    {
      "timestamp": "2025-08-14T17:00:00",
      "open": 120842.2109375,
      "high": 120940.984375,
      "low": 120760.7578125,
      "close": 120848.8828125,
      "volume": 73.80001068115234,
      "amount": 6086448.0
    },
    {
      "timestamp": "2025-08-14T17:05:00",
      "open": 120842.2109375,
      "high": 120940.984375,
      "low": 120760.7578125,
      "close": 120848.8828125,
      "volume": 73.80001068115234,
      "amount": 6086448.0
    },
    {
      "timestamp": "2025-08-14T17:10:00",
      "open": 120842.2109375,
      "high": 120940.984375,
      "low": 120760.7578125,
      "close": 120848.8828125,
      "volume": 73.80001068115234,
      "amount": 6086447.5
    },
    {
      "timestamp": "2025-08-14T17:15:00",
      "open": 120842.2109375,
      "high": 120940.984375,
      "low": 120760.7578125,
      "close": 120848.8828125,
      "volume": 73.80001068115234,
      "amount": 6086447.5
    },
    {
      "timestamp": "2025-08-14T17:20:00",
      "open": 120842.2109375,
      "high": 120940.984375,
      "low": 120760.7578125,
      "close": 120848.8828125,
      "volume": 73.80001068115234,
      "amount": 6086448.0
    },
    {
      "timestamp": "2025-08-14T17:25:00",
      "open": 120842.2109375,
      "high": 120940.984375,
      "low": 120760.7578125,
      "close": 120848.8828125,
      "volume": 73.80001068115234,
      "amount": 6086447.5
    },
    {
      "timestamp": "2025-08-14T17:30:00",
      "open": 120842.2109375,
      "high": 120940.984375,
      "low": 120760.7578125,
      "close": 120848.8828125,
      "volume": 73.80001068115234,
      "amount": 6086447.5
    },
    {
      "timestamp": "2025-08-14T17:35:00",
      "open": 120842.2109375,
      "high": 120940.984375,
      "low": 120760.7578125,
      "close": 120848.8828125,
      "volume": 73.80001068115234,
      "amount": 6086448.0
    },
    {
      "timestamp": "2025-08-14T17:40:00",
      "open": 120842.2109375,
      "high": 120940.984375,
      "low": 120760.7578125,
      "close": 120848.8828125,
      "volume": 73.80001068115234,
      "amount": 6086447.5
    },
    {
      "timestamp": "2025-08-14T17:45:00",
      "open": 120842.2109375,
      "high": 120940.984375,
      "low": 120760.7578125,
      "close": 120848.8828125,
      "volume": 73.80001068115234,
      "amount": 6086447.5
    },
    {
      "timestamp": "2025-08-14T17:50:00",
      "open": 120842.2109375,
      "high": 120940.984375,
      "low": 120760.7578125,
      "close": 120848.8828125,
      "volume": 73.80001068115234,
      "amount": 6086447.5
    },
    {
      "timestamp": "2025-08-14T17:55:00",
      "open": 120842.2109375,
      "high": 120940.984375,
      "low": 120760.7578125,
      "close": 120848.8828125,
      "volume": 73.80001831054688,
      "amount": 6086448.0
    },
    {
      "timestamp": "2025-08-14T18:00:00",
      "open": 120842.2109375,
      "high": 120940.984375,
      "low": 120760.7578125,
      "close": 120848.8828125,
      "volume": 73.80001068115234,
      "amount": 6086448.0
    },
    {
      "timestamp": "2025-08-14T18:05:00",
      "open": 120842.2109375,
      "high": 120940.984375,
      "low": 120760.7578125,
      "close": 120848.8828125,
      "volume": 73.80001831054688,
      "amount": 6086448.0
    },
    {
      "timestamp": "2025-08-14T18:10:00",
      "open": 120842.2109375,
      "high": 120940.984375,
      "low": 120760.7578125,
      "close": 120848.8828125,
      "volume": 73.80001068115234,
      "amount": 6086447.5
    },
    {
      "timestamp": "2025-08-14T18:15:00",
      "open": 120842.2109375,
      "high": 120940.984375,
      "low": 120760.7578125,
      "close": 120848.8828125,
      "volume": 73.80001068115234,
      "amount": 6086447.5
    },
    {
      "timestamp": "2025-08-14T18:20:00",
      "open": 120842.2109375,
      "high": 120940.984375,
      "low": 120760.7578125,
      "close": 120848.8828125,
      "volume": 73.80001068115234,
      "amount": 6086448.0
    },
    {
      "timestamp": "2025-08-14T18:25:00",
      "open": 120842.2109375,
      "high": 120940.984375,
      "low": 120760.7578125,
      "close": 120848.8828125,
      "volume": 73.80001068115234,
      "amount": 6086448.0
    },
    {
      "timestamp": "2025-08-14T18:30:00",
      "open": 120842.2109375,
      "high": 120940.984375,
      "low": 120760.7578125,
      "close": 120848.8828125,
      "volume": 73.80001068115234,
      "amount": 6086448.0
    },
    {
      "timestamp": "2025-08-14T18:35:00",
      "open": 120842.2109375,
      "high": 120940.984375,
      "low": 120760.7578125,
      "close": 120848.8828125,
      "volume": 73.80001831054688,
      "amount": 6086448.0
    },
    {
      "timestamp": "2025-08-14T18:40:00",
      "open": 120842.2109375,
      "high": 120940.984375,
      "low": 120760.7578125,
      "close": 120848.8828125,
      "volume": 73.80001068115234,
      "amount": 6086447.5
    },
    {
      "timestamp": "2025-08-14T18:45:00",
      "open": 120842.2109375,
      "high": 120940.984375,
      "low": 120760.7578125,
      "close": 120848.8828125,
      "volume": 73.80000305175781,
      "amount": 6086447.5
    },
    {
      "timestamp": "2025-08-14T18:50:00",
      "open": 120842.2109375,
      "high": 120940.984375,
      "low": 120760.7578125,
      "close": 120848.8828125,
      "volume": 73.80001068115234,
      "amount": 6086448.0
    },
    {
      "timestamp": "2025-08-14T18:55:00",
      "open": 120842.2109375,
      "high": 120940.984375,
      "low": 120760.7578125,
      "close": 120848.8828125,
      "volume": 73.80001068115234,
      "amount": 6086448.0
    },
    {
      "timestamp": "2025-08-14T19:00:00",
      "open": 120842.2109375,
      "high": 120940.984375,
      "low": 120760.7578125,
      "close": 120848.8828125,
      "volume": 73.80001068115234,
      "amount": 6086447.5
    },
    {
      "timestamp": "2025-08-14T19:05:00",
      "open": 120842.2109375,
      "high": 120940.984375,
      "low": 120760.7578125,
      "close": 120848.8828125,
      "volume": 73.80001068115234,
      "amount": 6086447.5
    },
    {
      "timestamp": "2025-08-14T19:10:00",
      "open": 120842.2109375,
      "high": 120940.984375,
      "low": 120760.7578125,
      "close": 120848.8828125,
      "volume": 73.80001068115234,
      "amount": 6086447.5
    },
    {
      "timestamp": "2025-08-14T19:15:00",
      "open": 120842.2109375,
      "high": 120940.984375,
      "low": 120760.7578125,
      "close": 120848.8828125,
      "volume": 73.80000305175781,
      "amount": 6086448.0
    },
    {
      "timestamp": "2025-08-14T19:20:00",
      "open": 120842.2109375,
      "high": 120940.984375,
      "low": 120760.7578125,
      "close": 120848.8828125,
      "volume": 73.80001068115234,
      "amount": 6086447.5
    },
    {
      "timestamp": "2025-08-14T19:25:00",
      "open": 120842.2109375,
      "high": 120940.984375,
      "low": 120760.7578125,
      "close": 120848.8828125,
      "volume": 73.80001068115234,
      "amount": 6086448.0
    },
    {
      "timestamp": "2025-08-14T19:30:00",
      "open": 120842.2109375,
      "high": 120940.984375,
      "low": 120760.7578125,
      "close": 120848.8828125,
      "volume": 73.80001068115234,
      "amount": 6086447.5
    },
    {
      "timestamp": "2025-08-14T19:35:00",
      "open": 120842.2109375,
      "high": 120940.984375,
      "low": 120760.7578125,
      "close": 120848.8828125,
      "volume": 73.80001068115234,
      "amount": 6086448.0
    },
    {
      "timestamp": "2025-08-14T19:40:00",
      "open": 120842.2109375,
      "high": 120940.984375,
      "low": 120760.7578125,
      "close": 120848.8828125,
      "volume": 73.80001068115234,
      "amount": 6086448.0
    },
    {
      "timestamp": "2025-08-14T19:45:00",
      "open": 120842.2109375,
      "high": 120940.984375,
      "low": 120760.7578125,
      "close": 120848.8828125,
      "volume": 73.80000305175781,
      "amount": 6086447.5
    },
    {
      "timestamp": "2025-08-14T19:50:00",
      "open": 120842.2109375,
      "high": 120940.984375,
      "low": 120760.7578125,
      "close": 120848.8828125,
      "volume": 73.80001068115234,
      "amount": 6086447.0
    },
    {
      "timestamp": "2025-08-14T19:55:00",
      "open": 120842.2109375,
      "high": 120940.984375,
      "low": 120760.7578125,
      "close": 120848.8828125,
      "volume": 73.80001068115234,
      "amount": 6086447.5
    },
    {
      "timestamp": "2025-08-14T20:00:00",
      "open": 120842.2109375,
      "high": 120940.984375,
      "low": 120760.7578125,
      "close": 120848.8828125,
      "volume": 73.80001068115234,
      "amount": 6086448.0
    },
    {
      "timestamp": "2025-08-14T20:05:00",
      "open": 120842.2109375,
      "high": 120940.984375,
      "low": 120760.7578125,
      "close": 120848.8828125,
      "volume": 73.80001068115234,
      "amount": 6086447.5
    },
    {
      "timestamp": "2025-08-14T20:10:00",
      "open": 120842.2109375,
      "high": 120940.984375,
      "low": 120760.7578125,
      "close": 120848.8828125,
      "volume": 73.80001068115234,
      "amount": 6086447.5
    },
    {
      "timestamp": "2025-08-14T20:15:00",
      "open": 120842.2109375,
      "high": 120940.984375,
      "low": 120760.7578125,
      "close": 120848.8828125,
      "volume": 73.80001068115234,
      "amount": 6086447.5
    },
    {
      "timestamp": "2025-08-14T20:20:00",
      "open": 120842.2109375,
      "high": 120940.984375,
      "low": 120760.7578125,
      "close": 120848.8828125,
      "volume": 73.80000305175781,
      "amount": 6086447.5
    },
    {
      "timestamp": "2025-08-14T20:25:00",
      "open": 120842.2109375,
      "high": 120940.984375,
      "low": 120760.7578125,
      "close": 120848.8828125,
      "volume": 73.80001068115234,
      "amount": 6086447.5
    },
    {
      "timestamp": "2025-08-14T20:30:00",
      "open": 120842.2109375,
      "high": 120940.984375,
      "low": 120760.7578125,
      "close": 120848.8828125,
      "volume": 73.80001068115234,
      "amount": 6086448.0
    }
  ],
  "actual_data": [
    {
      "timestamp": "2025-08-14T10:35:00",
      "open": 123397.21,
      "high": 123588.0,
      "low": 123397.2,
      "close": 123479.47,
      "volume": 47.38644,
      "amount": 0
    },
    {
      "timestamp": "2025-08-14T10:40:00",
      "open": 123479.47,
      "high": 123596.25,
      "low": 123466.02,
      "close": 123579.26,
      "volume": 37.19989,
      "amount": 0
    },
    {
      "timestamp": "2025-08-14T10:45:00",
      "open": 123579.26,
      "high": 123665.0,
      "low": 123507.57,
      "close": 123613.73,
      "volume": 76.34362,
      "amount": 0
    },
    {
      "timestamp": "2025-08-14T10:50:00",
      "open": 123613.74,
      "high": 123689.98,
      "low": 123577.66,
      "close": 123689.97,
      "volume": 51.33573,
      "amount": 0
    },
    {
      "timestamp": "2025-08-14T10:55:00",
      "open": 123689.97,
      "high": 123689.98,
      "low": 123570.42,
      "close": 123662.53,
      "volume": 65.45436,
      "amount": 0
    },
    {
      "timestamp": "2025-08-14T11:00:00",
      "open": 123662.53,
      "high": 123800.01,
      "low": 123598.49,
      "close": 123800.01,
      "volume": 74.94332,
      "amount": 0
    },
    {
      "timestamp": "2025-08-14T11:05:00",
      "open": 123800.01,
      "high": 123849.98,
      "low": 123662.0,
      "close": 123685.99,
      "volume": 26.69026,
      "amount": 0
    },
    {
      "timestamp": "2025-08-14T11:10:00",
      "open": 123686.0,
      "high": 123772.0,
      "low": 123673.7,
      "close": 123764.76,
      "volume": 23.29528,
      "amount": 0
    },
    {
      "timestamp": "2025-08-14T11:15:00",
      "open": 123764.75,
      "high": 123764.76,
      "low": 123596.25,
      "close": 123679.02,
      "volume": 52.77309,
      "amount": 0
    },
    {
      "timestamp": "2025-08-14T11:20:00",
      "open": 123679.01,
      "high": 123679.01,
      "low": 123590.89,
      "close": 123605.0,
      "volume": 26.5147,
      "amount": 0
    },
    {
      "timestamp": "2025-08-14T11:25:00",
      "open": 123605.0,
      "high": 123621.8,
      "low": 123552.24,
      "close": 123572.0,
      "volume": 26.62217,
      "amount": 0
    },
    {
      "timestamp": "2025-08-14T11:30:00",
      "open": 123572.0,
      "high": 123582.83,
      "low": 123469.26,
      "close": 123475.9,
      "volume": 42.51407,
      "amount": 0
    },
    {
      "timestamp": "2025-08-14T11:35:00",
      "open": 123475.89,
      "high": 123513.56,
      "low": 123400.0,
      "close": 123500.0,
      "volume": 34.63562,
      "amount": 0
    },
    {
      "timestamp": "2025-08-14T11:40:00",
      "open": 123499.99,
      "high": 123549.95,
      "low": 123452.57,
      "close": 123524.87,
      "volume": 63.2047,
      "amount": 0
    },
    {
      "timestamp": "2025-08-14T11:45:00",
      "open": 123524.86,
      "high": 123532.8,
      "low": 123458.87,
      "close": 123475.48,
      "volume": 43.78227,
      "amount": 0
    },
    {
      "timestamp": "2025-08-14T11:50:00",
      "open": 123475.49,
      "high": 123475.49,
      "low": 123350.0,
      "close": 123350.01,
      "volume": 23.89326,
      "amount": 0
    },
    {
      "timestamp": "2025-08-14T11:55:00",
      "open": 123350.01,
      "high": 123396.57,
      "low": 123295.21,
      "close": 123337.14,
      "volume": 45.78666,
      "amount": 0
    },
    {
      "timestamp": "2025-08-14T12:00:00",
      "open": 123337.14,
      "high": 123428.6,
      "low": 123337.13,
      "close": 123410.22,
      "volume": 51.45442,
      "amount": 0
    },
    {
      "timestamp": "2025-08-14T12:05:00",
      "open": 123410.23,
      "high": 123410.23,
      "low": 123259.95,
      "close": 123285.04,
      "volume": 38.86341,
      "amount": 0
    },
    {
      "timestamp": "2025-08-14T12:10:00",
      "open": 123285.04,
      "high": 123347.65,
      "low": 123125.29,
      "close": 123126.38,
      "volume": 70.69618,
      "amount": 0
    },
    {
      "timestamp": "2025-08-14T12:15:00",
      "open": 123126.39,
      "high": 123375.11,
      "low": 123116.1,
      "close": 123338.62,
      "volume": 59.75987,
      "amount": 0
    },
    {
      "timestamp": "2025-08-14T12:20:00",
      "open": 123338.61,
      "high": 123377.55,
      "low": 123306.42,
      "close": 123377.55,
      "volume": 42.74757,
      "amount": 0
    },
    {
      "timestamp": "2025-08-14T12:25:00",
      "open": 123377.54,
      "high": 123377.55,
      "low": 123293.66,
      "close": 123314.18,
      "volume": 35.59394,
      "amount": 0
    },
    {
      "timestamp": "2025-08-14T12:30:00",
      "open": 123314.19,
      "high": 123326.97,
      "low": 123177.17,
      "close": 123177.18,
      "volume": 49.10758,
      "amount": 0
    },
    {
      "timestamp": "2025-08-14T12:35:00",
      "open": 123177.18,
      "high": 123270.21,
      "low": 123124.01,
      "close": 123270.21,
      "volume": 47.06145,
      "amount": 0
    },
    {
      "timestamp": "2025-08-14T12:40:00",
      "open": 123270.21,
      "high": 123270.21,
      "low": 123203.34,
      "close": 123203.34,
      "volume": 26.32028,
      "amount": 0
    },
    {
      "timestamp": "2025-08-14T12:45:00",
      "open": 123203.35,
      "high": 123203.35,
      "low": 123063.0,
      "close": 123067.66,
      "volume": 67.79584,
      "amount": 0
    },
    {
      "timestamp": "2025-08-14T12:50:00",
      "open": 123067.67,
      "high": 123123.6,
      "low": 123063.6,
      "close": 123123.59,
      "volume": 34.12548,
      "amount": 0
    },
    {
      "timestamp": "2025-08-14T12:55:00",
      "open": 123123.59,
      "high": 123123.6,
      "low": 123001.46,
      "close": 123003.17,
      "volume": 47.77259,
      "amount": 0
    },
    {
      "timestamp": "2025-08-14T13:00:00",
      "open": 123003.17,
      "high": 123093.09,
      "low": 122994.0,
      "close": 123054.24,
      "volume": 44.96194,
      "amount": 0
    },
    {
      "timestamp": "2025-08-14T13:05:00",
      "open": 123054.25,
      "high": 123123.6,
      "low": 123020.57,
      "close": 123020.58,
      "volume": 28.71319,
      "amount": 0
    },
    {
      "timestamp": "2025-08-14T13:10:00",
      "open": 123020.57,
      "high": 123020.58,
      "low": 122850.21,
      "close": 122879.73,
      "volume": 84.04146,
      "amount": 0
    },
    {
      "timestamp": "2025-08-14T13:15:00",
      "open": 122879.74,
      "high": 122988.34,
      "low": 122879.73,
      "close": 122944.15,
      "volume": 40.01475,
      "amount": 0
    },
    {
      "timestamp": "2025-08-14T13:20:00",
      "open": 122944.15,
      "high": 123000.0,
      "low": 122873.29,
      "close": 122873.29,
      "volume": 28.39039,
      "amount": 0
    },
    {
      "timestamp": "2025-08-14T13:25:00",
      "open": 122873.29,
      "high": 122873.3,
      "low": 122705.48,
      "close": 122705.49,
      "volume": 66.66899,
      "amount": 0
    },
    {
      "timestamp": "2025-08-14T13:30:00",
      "open": 122705.48,
      "high": 122791.57,
      "low": 122580.64,
      "close": 122791.56,
      "volume": 172.24013,
      "amount": 0
    },
    {
      "timestamp": "2025-08-14T13:35:00",
      "open": 122791.57,
      "high": 122800.0,
      "low": 122660.3,
      "close": 122660.3,
      "volume": 32.74723,
      "amount": 0
    },
    {
      "timestamp": "2025-08-14T13:40:00",
      "open": 122660.3,
      "high": 122660.31,
      "low": 122543.86,
      "close": 122570.84,
      "volume": 54.99401,
      "amount": 0
    },
    {
      "timestamp": "2025-08-14T13:45:00",
      "open": 122570.84,
      "high": 122616.51,
      "low": 122373.33,
      "close": 122377.17,
      "volume": 87.38216,
      "amount": 0
    },
    {
      "timestamp": "2025-08-14T13:50:00",
      "open": 122377.17,
      "high": 122377.17,
      "low": 122080.0,
      "close": 122239.71,
      "volume": 155.35023,
      "amount": 0
    },
    {
      "timestamp": "2025-08-14T13:55:00",
      "open": 122239.71,
      "high": 122246.64,
      "low": 122126.4,
      "close": 122134.76,
      "volume": 36.60034,
      "amount": 0
    },
    {
      "timestamp": "2025-08-14T14:00:00",
      "open": 122134.76,
      "high": 122134.76,
      "low": 121712.1,
      "close": 121846.17,
      "volume": 178.04003,
      "amount": 0
    },
    {
      "timestamp": "2025-08-14T14:05:00",
      "open": 121846.17,
      "high": 122010.88,
      "low": 121832.0,
      "close": 121885.76,
      "volume": 152.82688,
      "amount": 0
    },
    {
      "timestamp": "2025-08-14T14:10:00",
      "open": 121885.76,
      "high": 121935.03,
      "low": 121720.38,
      "close": 121738.39,
      "volume": 73.59628,
      "amount": 0
    },
    {
      "timestamp": "2025-08-14T14:15:00",
      "open": 121738.39,
      "high": 121760.24,
      "low": 121463.24,
      "close": 121506.29,
      "volume": 199.79249,
      "amount": 0
    },
    {
      "timestamp": "2025-08-14T14:20:00",
      "open": 121506.3,
      "high": 121620.0,
      "low": 121313.86,
      "close": 121447.9,
      "volume": 186.08779,
      "amount": 0
    },
    {
      "timestamp": "2025-08-14T14:25:00",
      "open": 121447.91,
      "high": 121633.7,
      "low": 121447.91,
      "close": 121583.0,
      "volume": 111.68645,
      "amount": 0
    },
    {
      "timestamp": "2025-08-14T14:30:00",
      "open": 121583.01,
      "high": 121841.0,
      "low": 121583.0,
      "close": 121779.8,
      "volume": 170.04082,
      "amount": 0
    },
    {
      "timestamp": "2025-08-14T14:35:00",
      "open": 121779.8,
      "high": 121866.21,
      "low": 121631.66,
      "close": 121837.44,
      "volume": 132.56352,
      "amount": 0
    },
    {
      "timestamp": "2025-08-14T14:40:00",
      "open": 121837.45,
      "high": 121923.39,
      "low": 121713.91,
      "close": 121752.39,
      "volume": 73.53261,
      "amount": 0
    },
    {
      "timestamp": "2025-08-14T14:45:00",
      "open": 121752.4,
      "high": 121929.34,
      "low": 121748.6,
      "close": 121900.0,
      "volume": 40.76814,
      "amount": 0
    },
    {
      "timestamp": "2025-08-14T14:50:00",
      "open": 121900.0,
      "high": 121925.37,
      "low": 121805.08,
      "close": 121885.41,
      "volume": 60.35263,
      "amount": 0
    },
    {
      "timestamp": "2025-08-14T14:55:00",
      "open": 121885.42,
      "high": 121902.0,
      "low": 121729.4,
      "close": 121771.27,
      "volume": 85.89938,
      "amount": 0
    },
    {
      "timestamp": "2025-08-14T15:00:00",
      "open": 121771.27,
      "high": 121929.62,
      "low": 121741.89,
      "close": 121741.89,
      "volume": 69.87426,
      "amount": 0
    },
    {
      "timestamp": "2025-08-14T15:05:00",
      "open": 121741.89,
      "high": 121781.86,
      "low": 121642.74,
      "close": 121642.74,
      "volume": 55.13522,
      "amount": 0
    },
    {
      "timestamp": "2025-08-14T15:10:00",
      "open": 121642.74,
      "high": 121704.04,
      "low": 121619.9,
      "close": 121677.59,
      "volume": 164.68271,
      "amount": 0
    },
    {
      "timestamp": "2025-08-14T15:15:00",
      "open": 121677.58,
      "high": 121753.0,
      "low": 121611.26,
      "close": 121699.02,
      "volume": 34.17767,
      "amount": 0
    },
    {
      "timestamp": "2025-08-14T15:20:00",
      "open": 121699.02,
      "high": 121751.77,
      "low": 121538.28,
      "close": 121609.84,
      "volume": 57.02568,
      "amount": 0
    },
    {
      "timestamp": "2025-08-14T15:25:00",
      "open": 121609.5,
      "high": 121635.0,
      "low": 121568.59,
      "close": 121617.64,
      "volume": 94.44501,
      "amount": 0
    },
    {
      "timestamp": "2025-08-14T15:30:00",
      "open": 121617.64,
      "high": 121721.0,
      "low": 121617.64,
      "close": 121666.59,
      "volume": 45.71868,
      "amount": 0
    },
    {
      "timestamp": "2025-08-14T15:35:00",
      "open": 121666.58,
      "high": 122047.79,
      "low": 121666.58,
      "close": 122002.39,
      "volume": 147.36233,
      "amount": 0
    },
    {
      "timestamp": "2025-08-14T15:40:00",
      "open": 122002.39,
      "high": 122019.33,
      "low": 121861.13,
      "close": 121911.3,
      "volume": 59.44485,
      "amount": 0
    },
    {
      "timestamp": "2025-08-14T15:45:00",
      "open": 121911.29,
      "high": 121931.97,
      "low": 121671.3,
      "close": 121709.86,
      "volume": 67.64333,
      "amount": 0
    },
    {
      "timestamp": "2025-08-14T15:50:00",
      "open": 121709.85,
      "high": 121760.77,
      "low": 121605.6,
      "close": 121760.77,
      "volume": 31.61395,
      "amount": 0
    },
    {
      "timestamp": "2025-08-14T15:55:00",
      "open": 121760.76,
      "high": 121817.95,
      "low": 121724.7,
      "close": 121725.31,
      "volume": 59.9433,
      "amount": 0
    },
    {
      "timestamp": "2025-08-14T16:00:00",
      "open": 121725.31,
      "high": 121799.0,
      "low": 121587.09,
      "close": 121630.61,
      "volume": 100.75639,
      "amount": 0
    },
    {
      "timestamp": "2025-08-14T16:05:00",
      "open": 121630.61,
      "high": 121741.9,
      "low": 121600.0,
      "close": 121741.89,
      "volume": 145.70735,
      "amount": 0
    },
    {
      "timestamp": "2025-08-14T16:10:00",
      "open": 121741.9,
      "high": 121861.0,
      "low": 121741.89,
      "close": 121814.66,
      "volume": 86.17485,
      "amount": 0
    },
    {
      "timestamp": "2025-08-14T16:15:00",
      "open": 121814.66,
      "high": 121891.0,
      "low": 121808.0,
      "close": 121891.0,
      "volume": 60.24329,
      "amount": 0
    },
    {
      "timestamp": "2025-08-14T16:20:00",
      "open": 121891.0,
      "high": 121891.0,
      "low": 121819.0,
      "close": 121831.72,
      "volume": 50.65721,
      "amount": 0
    },
    {
      "timestamp": "2025-08-14T16:25:00",
      "open": 121831.72,
      "high": 122045.9,
      "low": 121831.72,
      "close": 122014.79,
      "volume": 134.14908,
      "amount": 0
    },
    {
      "timestamp": "2025-08-14T16:30:00",
      "open": 122014.79,
      "high": 122014.79,
      "low": 121907.34,
      "close": 121917.77,
      "volume": 101.77255,
      "amount": 0
    },
    {
      "timestamp": "2025-08-14T16:35:00",
      "open": 121917.77,
      "high": 121917.78,
      "low": 121678.92,
      "close": 121685.41,
      "volume": 102.54159,
      "amount": 0
    },
    {
      "timestamp": "2025-08-14T16:40:00",
      "open": 121685.4,
      "high": 121783.03,
      "low": 121663.48,
      "close": 121696.21,
      "volume": 57.12868,
      "amount": 0
    },
    {
      "timestamp": "2025-08-14T16:45:00",
      "open": 121696.21,
      "high": 121765.77,
      "low": 121693.89,
      "close": 121704.68,
      "volume": 28.20196,
      "amount": 0
    },
    {
      "timestamp": "2025-08-14T16:50:00",
      "open": 121704.69,
      "high": 121704.69,
      "low": 121560.83,
      "close": 121642.7,
      "volume": 59.0982,
      "amount": 0
    },
    {
      "timestamp": "2025-08-14T16:55:00",
      "open": 121642.71,
      "high": 121649.99,
      "low": 121584.46,
      "close": 121637.78,
      "volume": 30.50594,
      "amount": 0
    },
    {
      "timestamp": "2025-08-14T17:00:00",
      "open": 121637.78,
      "high": 121637.78,
      "low": 121528.55,
      "close": 121543.76,
      "volume": 33.15995,
      "amount": 0
    },
    {
      "timestamp": "2025-08-14T17:05:00",
      "open": 121543.77,
      "high": 121747.28,
      "low": 121543.76,
      "close": 121721.89,
      "volume": 62.42552,
      "amount": 0
    },
    {
      "timestamp": "2025-08-14T17:10:00",
      "open": 121721.89,
      "high": 121899.77,
      "low": 121683.66,
      "close": 121899.77,
      "volume": 24.17453,
      "amount": 0
    },
    {
      "timestamp": "2025-08-14T17:15:00",
      "open": 121899.76,
      "high": 121899.76,
      "low": 121771.67,
      "close": 121841.35,
      "volume": 23.17249,
      "amount": 0
    },
    {
      "timestamp": "2025-08-14T17:20:00",
      "open": 121841.36,
      "high": 121841.36,
      "low": 121755.53,
      "close": 121828.76,
      "volume": 17.18653,
      "amount": 0
    },
    {
      "timestamp": "2025-08-14T17:25:00",
      "open": 121828.76,
      "high": 121918.8,
      "low": 121813.01,
      "close": 121813.45,
      "volume": 62.64299,
      "amount": 0
    },
    {
      "timestamp": "2025-08-14T17:30:00",
      "open": 121813.45,
      "high": 121813.45,
      "low": 121702.0,
      "close": 121752.18,
      "volume": 37.96603,
      "amount": 0
    },
    {
      "timestamp": "2025-08-14T17:35:00",
      "open": 121752.18,
      "high": 121752.18,
      "low": 121580.0,
      "close": 121584.47,
      "volume": 65.82393,
      "amount": 0
    },
    {
      "timestamp": "2025-08-14T17:40:00",
      "open": 121584.48,
      "high": 121666.05,
      "low": 121580.0,
      "close": 121580.01,
      "volume": 95.59101,
      "amount": 0
    },
    {
      "timestamp": "2025-08-14T17:45:00",
      "open": 121580.0,
      "high": 121643.43,
      "low": 121580.0,
      "close": 121584.19,
      "volume": 90.09173,
      "amount": 0
    },
    {
      "timestamp": "2025-08-14T17:50:00",
      "open": 121584.19,
      "high": 121655.6,
      "low": 121584.19,
      "close": 121647.62,
      "volume": 24.55829,
      "amount": 0
    },
    {
      "timestamp": "2025-08-14T17:55:00",
      "open": 121647.62,
      "high": 121709.67,
      "low": 121631.44,
      "close": 121649.84,
      "volume": 76.51008,
      "amount": 0
    },
    {
      "timestamp": "2025-08-14T18:00:00",
      "open": 121649.84,
      "high": 121649.85,
      "low": 121533.74,
      "close": 121533.74,
      "volume": 82.08844,
      "amount": 0
    },
    {
      "timestamp": "2025-08-14T18:05:00",
      "open": 121533.74,
      "high": 121599.67,
      "low": 121459.25,
      "close": 121485.71,
      "volume": 95.18137,
      "amount": 0
    },
    {
      "timestamp": "2025-08-14T18:10:00",
      "open": 121485.7,
      "high": 121541.64,
      "low": 121450.0,
      "close": 121480.33,
      "volume": 48.59988,
      "amount": 0
    },
    {
      "timestamp": "2025-08-14T18:15:00",
      "open": 121480.34,
      "high": 121700.0,
      "low": 121480.34,
      "close": 121700.0,
      "volume": 23.42306,
      "amount": 0
    },
    {
      "timestamp": "2025-08-14T18:20:00",
      "open": 121700.0,
      "high": 121772.9,
      "low": 121618.58,
      "close": 121669.32,
      "volume": 57.74509,
      "amount": 0
    },
    {
      "timestamp": "2025-08-14T18:25:00",
      "open": 121669.31,
      "high": 121669.32,
      "low": 121480.23,
      "close": 121511.97,
      "volume": 74.21391,
      "amount": 0
    },
    {
      "timestamp": "2025-08-14T18:30:00",
      "open": 121511.97,
      "high": 121631.01,
      "low": 121511.96,
      "close": 121592.82,
      "volume": 31.49328,
      "amount": 0
    },
    {
      "timestamp": "2025-08-14T18:35:00",
      "open": 121592.83,
      "high": 121659.3,
      "low": 121431.06,
      "close": 121431.06,
      "volume": 44.39826,
      "amount": 0
    },
    {
      "timestamp": "2025-08-14T18:40:00",
      "open": 121431.0,
      "high": 121431.0,
      "low": 121111.0,
      "close": 121150.0,
      "volume": 220.67295,
      "amount": 0
    },
    {
      "timestamp": "2025-08-14T18:45:00",
      "open": 121149.99,
      "high": 121244.09,
      "low": 121121.0,
      "close": 121121.01,
      "volume": 131.47924,
      "amount": 0
    },
    {
      "timestamp": "2025-08-14T18:50:00",
      "open": 121121.0,
      "high": 121231.82,
      "low": 120897.0,
      "close": 120904.24,
      "volume": 170.7092,
      "amount": 0
    },
    {
      "timestamp": "2025-08-14T18:55:00",
      "open": 120904.23,
      "high": 120958.14,
      "low": 120757.01,
      "close": 120933.0,
      "volume": 153.30768,
      "amount": 0
    },
    {
      "timestamp": "2025-08-14T19:00:00",
      "open": 120932.99,
      "high": 121031.31,
      "low": 120870.28,
      "close": 120927.45,
      "volume": 121.49937,
      "amount": 0
    },
    {
      "timestamp": "2025-08-14T19:05:00",
      "open": 120927.45,
      "high": 120927.45,
      "low": 120771.81,
      "close": 120865.73,
      "volume": 79.5469,
      "amount": 0
    },
    {
      "timestamp": "2025-08-14T19:10:00",
      "open": 120865.73,
      "high": 120968.0,
      "low": 120812.0,
      "close": 120829.99,
      "volume": 91.91369,
      "amount": 0
    },
    {
      "timestamp": "2025-08-14T19:15:00",
      "open": 120830.0,
      "high": 120903.25,
      "low": 120829.99,
      "close": 120899.32,
      "volume": 61.4093,
      "amount": 0
    },
    {
      "timestamp": "2025-08-14T19:20:00",
      "open": 120899.32,
      "high": 120930.62,
      "low": 120741.89,
      "close": 120882.38,
      "volume": 84.21858,
      "amount": 0
    },
    {
      "timestamp": "2025-08-14T19:25:00",
      "open": 120882.38,
      "high": 120897.0,
      "low": 120868.35,
      "close": 120893.5,
      "volume": 59.46326,
      "amount": 0
    },
    {
      "timestamp": "2025-08-14T19:30:00",
      "open": 120893.5,
      "high": 120914.63,
      "low": 120694.0,
      "close": 120782.35,
      "volume": 61.74356,
      "amount": 0
    },
    {
      "timestamp": "2025-08-14T19:35:00",
      "open": 120782.36,
      "high": 120843.17,
      "low": 120748.79,
      "close": 120770.86,
      "volume": 34.61874,
      "amount": 0
    },
    {
      "timestamp": "2025-08-14T19:40:00",
      "open": 120770.87,
      "high": 120838.83,
      "low": 120770.87,
      "close": 120780.11,
      "volume": 34.65327,
      "amount": 0
    },
    {
      "timestamp": "2025-08-14T19:45:00",
      "open": 120780.1,
      "high": 120837.36,
      "low": 120765.16,
      "close": 120836.04,
      "volume": 26.04824,
      "amount": 0
    },
    {
      "timestamp": "2025-08-14T19:50:00",
      "open": 120836.05,
      "high": 120915.88,
      "low": 120836.05,
      "close": 120907.39,
      "volume": 60.82811,
      "amount": 0
    },
    {
      "timestamp": "2025-08-14T19:55:00",
      "open": 120907.38,
      "high": 120958.67,
      "low": 120817.49,
      "close": 120949.67,
      "volume": 36.79319,
      "amount": 0
    },
    {
      "timestamp": "2025-08-14T20:00:00",
      "open": 120949.66,
      "high": 120991.29,
      "low": 120912.14,
      "close": 120969.67,
      "volume": 69.63772,
      "amount": 0
    },
    {
      "timestamp": "2025-08-14T20:05:00",
      "open": 120969.67,
      "high": 120981.77,
      "low": 120850.0,
      "close": 120981.77,
      "volume": 75.37996,
      "amount": 0
    },
    {
      "timestamp": "2025-08-14T20:10:00",
      "open": 120981.77,
      "high": 120994.59,
      "low": 120931.94,
      "close": 120994.59,
      "volume": 98.31074,
      "amount": 0
    },
    {
      "timestamp": "2025-08-14T20:15:00",
      "open": 120994.59,
      "high": 121100.0,
      "low": 120619.01,
      "close": 120680.9,
      "volume": 231.33955,
      "amount": 0
    },
    {
      "timestamp": "2025-08-14T20:20:00",
      "open": 120680.9,
      "high": 121000.0,
      "low": 120450.0,
      "close": 120972.2,
      "volume": 288.6093,
      "amount": 0
    },
    {
      "timestamp": "2025-08-14T20:25:00",
      "open": 120972.2,
      "high": 121183.06,
      "low": 120917.61,
      "close": 121143.67,
      "volume": 94.44258,
      "amount": 0
    },
    {
      "timestamp": "2025-08-14T20:30:00",
      "open": 121143.68,
      "high": 121143.68,
      "low": 118500.0,
      "close": 118715.99,
      "volume": 1488.0637,
      "amount": 0
    }
  ],
  "analysis": {
    "continuity": {
      "last_prediction": {
        "open": 120842.2109375,
        "high": 120940.984375,
        "low": 120760.7578125,
        "close": 120848.8828125
      },
      "first_actual": {
        "open": 123397.21,
        "high": 123588.0,
        "low": 123397.2,
        "close": 123479.47
      },
      "gaps": {
        "open_gap": 2554.9990625000064,
        "high_gap": 2647.015625,
        "low_gap": 2636.442187499997,
        "close_gap": 2630.587187500001
      },
      "gap_percentages": {
        "open_gap_pct": 2.07054848525344,
        "high_gap_pct": 2.1418063444671,
        "low_gap_pct": 2.1365494415594495,
        "close_gap_pct": 2.1303842553745986
      }
    }
  }
}